is_human,heavy,light
1,QVQLVQSGAEVNKPGASVKVSCKASGYTFTGYVVHWVRQAPGQRLEWMGWINTGNGDTKYSQKFQGRVSITRDTSANTAYMEVSTLRSEDTAVYYCARDRGGSGDFDYWGQGTLVTVSS,EIVLTQSPVTLSLSPGERATLSCRASQSVSFYLAWYQQKPGQAPRLLICDASNRATGIPARFSGSGSGTDFTLTISSLEPEDFAVYYCQQRSDWPYTFGQGTKLEIK
1,QVQLVQSGAEVKKPGASVKVSCKASGYTFTGYYMHWVRQAPGQGLEWMGWINPNSGGTNYAQKFQGRVTMTRDTSISTAYMELSRLRSDDTAVYYCARGEGIAAAGTLSFYYYYGMDVWGQGTTVTVSS,SYELTQPPSVSVSPGQTARITCSGDALPKQYAYWYQQKPGQAPVLVIYKDSERPSGIPERFSGSSSGTTVTLTISGVQAEDEADYYCQSADSSGTWVFGGGTKLTVL
1,QVQLVQSGAEVKKPGASVKVSCKVSGYTLTELSMHWVRQAPGKGLEWMGGFDPEDGETIYAQKFQGRVTMTEDTSTDTAYMELSSLRSEDTAVYYCATAITIRLRRTYYYYYGMDVWGQGTTVTVSS,QSVLTQPPSASGTPGQRVTISCSGSSSNIGSNYVYWYQQLPGTAPKLLIYSNNQRPSGVPDRFSGSKSGTSASLAISGLRSEDEADYYCAAWDDSLSAVVFGGGTKLTVL
1,QVTLKESGPVLVKPTETLTLTCTVSGFSLSNARMGVSWIRQPPGKALEWLAHIFSNDEKSYSTSLKSRLTISKDTSKSQVVLTMTNMDPVDTATYYCARILLISGSYLGGDYWGQGTLVTVSS,SYELTQPPSVSVSPGQTASITCSGDKLGDKYACWYQQKPGQSPVLVIYQDSKRPSGIPERFSGSNSGNTATLTISGTQAMDEADYYCQAWDSSTVVFGGGTKLTVL
1,QVQLQESGPGLVKPSQTLSLTCTVSGGSISSGGYYWSWIRQHPGKGLEWIGNIYYSGRTYYKSSLKSRVTISVDTSKNQFSLKLSSVTAADTAVYYCARAKSEHSYGYVSRPFDQPEDAFDIWGQGTMVTVSS,DIQMTQSPSSLSASVGDRVTITCRTSQSISTYLNWYQQKPGKAPKLLIYAASRLQSGVPSRFTGSGSGTDFTLTISSLQPEDFATYYCQQSYSDPAFGQGTKVEIK
1,QLQLQESGPGLVKPSETLSLTCTVSGGSISSSSYYWGWIRQPPGKGLEWIGSIYYSGSTYYNPSLKSRVTISVDTSKNQFSLKLSSVTAADTAVYYCASRGYSSGWYYESHYFQHWGQGTLVTVSS,DIQMTQSPSSLSASVGDRVTITCQASQDISNYLNWYQQKPGKAPKLLIYDASNLETGVPSRFSGSGSGTDFTFTISSLQPEDIATYYCQQYDNLPLTFGGGTKVEIK
1,QLQLQESGPGLVKASETLSLTCTVSDDSLRTSSYYWGWIRQPPGKGLEWIGNVHSSGRNYYNPSLKSRVTISVDTSKNQFFLRLTSVAAADTSVYYCARHGDYDDFHLDHWGQGTLVTVSS,SYEVTQPPSVSVSPGQTATITCSGDKLGDRYVCWYQQRPGQSPVLVIHHDRRRPSGIPERFSGSNSGNTATLTISGTQAMDEADYYCQAWDSTTVVFGGGTKLTVL
1,QVQLVQSGSELKKSGASVKVSCKASGYSFTSHAMNWVRQAPGQGLEWMGWINTNTGNPTYAQGFTGRFVFSLDTSVSTAYLLINSLKAEDIAVYYCARTGISVTGTEGRYFDLWGRGTLVTVSS,DIQMTQSPSSLSASVGDRVTITCRASQTISNYLNWYQQKPGKAPRLLIYAASILQSGVPSRFSGSGSGTDFTLTISSLQPEDFATYYCQQTYSTPWTFGQGTKVEIK
1,QVQLVQSGSELKKPGASVKVSCKASGYTFTSYAMNWVRQAPGQGLEWMGWINTNTGNPTYAQGFTGRFVFSLDTSVSTAYLQISSLKAEDTAVYYCARDGGGIQLWNNWFDPWGQGTLVTVSS,AIQLTQSPSSLSASVGDRVTITCRASQGISSALAWYQQKPGKAPKLLIYDASSLESGVPSRFSGSGSGTDFTLTISSLQPEDFATYYCQQFNSYQITFGQGTRLEIK
1,QVQLVQSGSELKKPGASVKVSCKASGHIFTGYTINWVRQAPGQGLEWMGWINTNTGIPMYAQGFTGRFVFSLDTSVSTAYLQISSLKPEDNAVYYCAREAVGMDVWGQGTTVTVSS,DIVMTQSPDSLAVSVGERATINCKSSQSILYSYNTKNYLAWYQQKPGQPPKLLIYWASTRESGVPDRFSGSGSGTDFTLTISSLQAEDVAVYYCQQYCHAPHTFGQGTKLEIK
0,EVKLVESGGGLVQPGGSLRLSCATSGFTFTDYYMSWVRQPPGKALEWLGFIRNKANGYTTEYSASVKGRFTISRDNSQSILYLQMNTLRAEDSATYYCARDDGYFAYWGQGTLVTVSA,DVVMTQTPLSLPVSLGDQASISCRSSQSLVHSNGNTYLHWYLQKPGQSPKLLIYKVSNRFSGVPDRFSGSGSGTDFTLKISRVEAEDLGVYFCSQSTHVPLTFGAGTKLELK
0,EVQLVESGGGLVQPGRSLKLSCAASGFTFSNYYMAWVRQAPTKGLEWVAYISTGGGSTYYRDSVKGRFTISRDNAKSTLYLQMDSLRSEDTATYYCTTSRAYWGQGTLVTVSS,DIVMTQGALPNPVPSGESVSITCRSSKSLLYSDGKTYLNWYLQRPGQSPQLLIYWMSTRASGVSDRFSGSGSGTDFTLKISGVEAEDVGVYYCQQGLEFPLTFGSGTKLEIK
0,QIQLVQSGPELKKPGESVKISCKASGYTFTDYAMNWVKQAPGNGLKWMGWINTQTGKPTYADDFKQRFVFSLETSASTAYLQINNLNIEDTATYFCTRSLFDYWGQGVMVTVSS,DIVMTQGVLPNPVPSGESASITCRSSKSLVYKDGKTYLNWFLQRPGQSPQLLTYWMSTRASGVSDRFSGSGSGTYFTLKISRVRAEDAGVYYCQQVREYPFTFGSGTKLEIK
0,AVQLVESGGGLVQPKESLKISCAASGFTFSNAAMYWVRQAPGKGLEWVARIRTKPNNYATYYADSVKGRFTISRDDSKSMVYLQMDNLKTEDTAMYYCTAGAAGFDYWGQGVMVTVSS,DIVMTQSPTSMSISVGDRVTMNCKASQNVGSNVDWYQQKTGQSPKLLIYKASNRYTGVPDRFTGSGSGTDFTFTISNMQAEDLAVYYCMQSNSYPPTFGGGTKLELK
0,EVKLVESGGGLVQPGRSLKLSCAASGFSFNDYWMGWVRQAPGKGLEWIGEINQDSSTINYTPSLKDKFTISRDNAQNTLYLQMSKLGSEDTAIYYCARVADYWGQGVMVTVSS,DIVMTQTPSSQAVSAGEKVTMSCKSSQSLLYSENKKNYLAWYQQKPGQSPKLLISWASTRESGVPDRFIGSGSGTDFTLTISSVQAEDLAVYYCEQYYDTPYTFGAGTKLELK
0,QVQLKESGPGLVAPSQSLSITCTVSGFSLTSYGVSWVRQPPGKGLEWLGVIWGDGSTNYHSALISRLSISKDNSKSQVFLKLNSLQTDDTATYYCAKLGDLDYWGQGTTLTVSS,DVLMTQTPLSLPVSLGDQASISCRSSQSIVHSNGNTYLEWYLQKPGQSPKLLIYKVSNRFSGVPDRFSGSGSGTDFTLKISRVEAEDLGVYYCFQGSHVPYTFGGGTKLEIK
0,QVQLKESGPGLVQPSQTLSLTCTVSGLSLTSNSVSWIRQPPGKGLEWMGVIWSNGGTDYNSAIKSRLSISRDTSKSQVFLKMNSLQTEDTAMYFCARKGRTYYGYNYFDYWGQGVMVTVSS,DIQMTQSPASLSASLGETISIECRASEDIYSNLAWYQQKSGKSPQLLIYAANRLQDGVPSRFSGSGSGTQYSLKISGMQPEDEGDYFCLQGSKFPYTFGAGTKLELK
0,QVNLLQSGAALVKPGASVKLSCKASGYTFTDYYIHWVKQSHGKSLEWIGYINPNSGYTNYNEKFKSKATLTVDKSTNTAYMELSRLTSEDSATYYCTRENSLYYYSSYPFAYWGQGTLVTVSS,DTVLTQSPALAVSPGERVTISCRASESVSTGMHWYQQKPGQQPKLLIYGASNLESGVPARFSGSGSGTDFTLTIDPVEADDTATYFCQQSWNDPLTFGSGTKLEIK
0,EVKLEESGGGLVQPGGSMKLSCVASGFTFSNYWMNWVRQSPEKGLEWVAEIRLKSNNYATHYAESVKGRFTISRDDSKSSVYLQMNNLRAEDTGIYYCTGGFAYWGQGTLVTVSA,DIQMTQSPSSLSASLGERVSLTCRASQDIGSSLNWLQQEPDGTIKRLIYATSSLDSGVPKRFSGSRSGSDYSLTISSLESEDFVDYYCLQYASSPRTFGGGTKLEIK
0,EVKLLESGGGLVQPGGSLKLSCAASGFDFSRYWMSWVRQAPGKGLEWIGEINPDSSTINYTPSLKDKFIISRDNAKNTLYLQMSKVRSEDTALYYCARDRYGGYWGQGTLVTVSA,DVLMTQTPLSLPVSLGDQASISCRSSQSIVHSNGNTYLEWYLQKPGQSPKLLIYKVSNRFSGVPDRFSGSGSGTDFTLKISRVEAEDLGVYYCFQGSHVPWTFGGGTKLEIK
